"Generation","NFE","BestFitness","MeanFitness","MeanViolation","Diversity","MutationRate"
0,100,22178.0205947069,6620878.94336083,6166.29094334086,27.6672787407424,0.005
1,200,3592.95,1770196.08462026,1591.48114934244,21.448295325897,0.005
2,300,-6023.74919135559,249851.584518393,223.608043247826,9.42707818044144,0.005
3,400,468.577966131757,25506.3071842056,28.3876713551381,2.43949553374599,0.005
4,500,2815.51853616657,5763.79283745013,11.2151089276324,0.368414394860214,0.005
5,600,-6810.4174114919,5968.10464439287,10.9314482956732,0.495512984702898,0.005
6,700,-6388.11343122625,6209.7205912946,10.7609617190367,0.0734857130993839,0.005
7,800,-6706.94102357157,6010.34587153286,10.2259113641204,0.106528218278833,0.005
8,900,-6670.186769081,6127.26572490645,9.95307824886919,0.148218947466837,0.005
9,1000,-6678.48241477593,6325.75274838884,9.75239117889867,0.188896461560685,0.005
10,1100,-6520.11067669052,6118.78605024341,9.30222848407612,0.182527313955672,0.005
11,1200,-6592.40714423332,4831.91465738449,8.18547792251525,0.176874419678252,0.005
12,1300,-6524.9448372665,4396.86236314695,7.66131839921263,0.204921910443597,0.005
13,1400,-6493.37644427093,2768.95958841288,6.45385521144203,0.207813437950553,0.005
14,1500,-6450.16990054613,1333.12879529311,5.42691244393959,0.179759137806305,0.005
15,1600,-6412.54170066609,577.615372353528,4.84856221575238,0.163135508807026,0.005
16,1700,-6352.25298091597,418.089973625071,4.62561804869351,0.158773741273016,0.005
17,1800,-6305.67870326773,-330.762394450485,4.10210777735917,0.135576539731993,0.005
18,1900,-6272.32833351887,-552.088263933248,3.88211973843144,0.127655247004009,0.005
19,2000,-6252.96775775064,-114.55161601143,4.00768900348189,0.147424202699501,0.005
20,2100,-6224.21863952139,-1059.89010739969,3.44107195052956,0.119722314069591,0.005
21,2200,-6160.21118446344,-920.886909185606,3.42635538615051,0.129088572370759,0.005
22,2300,-6097.66720192236,-1307.46846812443,3.16285103236829,0.120750996582836,0.005
23,2400,-6084.07246074408,-2112.09273247454,2.71414244632725,0.101761284150615,0.005
24,2500,-6028.4026943381,-1969.97144324605,2.71812606788169,0.0961425051989383,0.005
25,2600,-5994.73159611076,-2394.98194528642,2.470586992838,0.0904809989950061,0.005
26,2700,-5941.22321511065,-2113.46366710585,2.53958751758935,0.0911837160451195,0.005
27,2800,-5891.94935902797,-2964.21890591594,2.12419861861578,0.0784698486688754,0.005
28,2900,-5866.77267488957,-2320.29779541411,2.34823025285158,0.0883489735689504,0.005
29,3000,-5823.26373446434,-2744.83340732148,2.12881516708985,0.0732468511571591,0.005
30,3100,-5785.63893568683,-3072.65691779411,1.95547462198325,0.069808174467936,0.005
31,3200,-5747.1184615048,-2643.80145073855,2.08674254949109,0.0782655080060398,0.005
32,3300,-5692.28678691699,-3533.55356659566,1.7028432455456,0.0573189474463987,0.005
33,3400,-5665.03447415948,-3034.81144829367,1.86137016184292,0.0635008846399068,0.005
34,3500,-5612.15170722167,-3666.80007993574,1.59223404096001,0.0536916617466714,0.005
35,3600,-5570.47734387043,-3459.47873155512,1.64032454761106,0.0569473514720437,0.005
36,3700,-5530.97646121481,-3598.87468818162,1.56066860303086,0.0568565523407689,0.005
37,3800,-5499.0760169113,-3366.14842201922,1.61550072528508,0.0762357705581121,0.005
38,3900,-5454.11443251779,-3646.99829844997,1.49050262886889,0.0544233320452886,0.005
39,4000,-5408.77477287715,-3317.88875573562,1.57759048328285,0.0635779014357861,0.005
40,4100,-5354.86689182146,-3600.49508260822,1.45690053776347,0.0554507736296847,0.005
41,4200,-5311.91837601489,-3660.21653944314,1.41378251511423,0.0573454371814653,0.005
42,4300,-5286.12430204784,-3785.07445987867,1.35113526339662,0.0499402371930532,0.005
43,4400,-5216.00373435139,-4018.56971429268,1.25535437042133,0.0460996065483181,0.005
44,4500,-5205.97464408696,-3942.9445890576,1.25988977921307,0.0372661383072518,0.005
45,4600,-5157.33710747273,-3801.74861481214,1.28431164289056,0.0542474197094735,0.005
46,4700,-5105.19406968592,-3985.18397966955,1.20954353011923,0.0388595238445564,0.005
47,4800,-5069.57788649097,-3645.99543161499,1.29312312953034,0.0552334295292454,0.005
48,4900,-5024.23324141222,-4253.31432851817,1.09491827366549,0.0251405829752531,0.005
49,5000,-4984.02669148123,-3744.37542283435,1.22760178331338,0.0433793619885759,0.005
50,5100,-4939.19962273467,-4219.36536542158,1.07404712221266,0.0211518661034699,0.005
51,5200,-4884.03734246401,-4031.99254237838,1.11206831023616,0.0325095337190481,0.005
52,5300,-4852.88872709381,-4101.84716209606,1.07725785897629,0.0272303472428424,0.005
53,5400,-4801.74415849475,-4080.41495073615,1.06875247427686,0.0231851315368408,0.005
54,5500,-4768.76600984794,-3767.26819866804,1.13982989570218,0.0310899718130275,0.005
55,5600,-4697.72526260324,-4102.30569931601,1.03498898104646,0.0170384967755768,0.005
56,5700,-4680.52862945415,-4032.95520531823,1.03980790682539,0.0219460310444943,0.005
57,5800,-4647.05224371478,-3957.5011511197,1.04622374995398,0.0202776422425641,0.005
58,5900,-4575.80911443293,-3722.56194159547,1.09370627899676,0.0267106579158256,0.005
59,6000,-4536.97693701216,-3821.38867874388,1.05463019762485,0.0250332569293671,0.005
60,6100,-4511.9392355539,-3727.24938303062,1.06511897008656,0.0307912307397569,0.005
61,6200,-4474.79302259575,-3701.44974271112,1.05866219289489,0.0264565401898424,0.005
62,6300,-4425.02113718512,-3503.35858153789,1.09471999720641,0.0285042724386443,0.005
63,6400,-4390.4768842672,-3541.99723879231,1.07215327337433,0.0311729526809787,0.005
64,6500,-4326.0990983447,-3414.62251420046,1.08992593639174,0.0360983071237272,0.005
65,6600,-4299.42368031787,-3300.09010592973,1.10432955625719,0.0445601011235578,0.005
66,6700,-4255.20428929759,-3288.20937139413,1.09480917527407,0.0294233774352844,0.005
67,6800,-4197.87168308749,-3385.77547689767,1.05960879090087,0.0341182275870647,0.005
68,6900,-4172.89520641684,-3274.62266441563,1.07308724455557,0.0355599763260616,0.005
69,7000,-4116.13055250655,-3452.91419136393,1.02084079254404,0.0273952863408986,0.005
70,7100,-4094.54739075532,-3393.25941495608,1.02316380094264,0.0208412464638863,0.005
71,7200,-4039.90344977027,-3081.92442828247,1.08092012747052,0.0345277090304985,0.005
72,7300,-3991.17432682048,-3196.19947570004,1.04436869715897,0.0293631167005096,0.005
73,7400,-3956.35417690281,-3530.40507024108,0.960778905812648,0.0122806121200569,0.005
74,7500,-3910.63909885804,-3190.97758457858,1.02338925221918,0.025689882889534,0.005
75,7600,-3877.55902344731,-3373.21310560633,0.974146315629344,0.0143958351340885,0.005
76,7700,-3819.97646705309,-3226.43658893738,0.995042800701875,0.0184904706014786,0.005
77,7800,-3771.8760742056,-3090.14203959798,1.0130878174799,0.027222509999456,0.005
78,7900,-3729.8412102251,-3063.59188021017,1.00838904169859,0.0201080186547124,0.005
79,8000,-3681.06037778494,-3039.2600841774,1.00321964323599,0.0213146809363917,0.005
80,8100,-3634.51991282328,-3031.25992650143,0.995069558283315,0.0170549011510206,0.005
81,8200,-3607.14782726896,-2852.25344444774,1.02102085857295,0.0245537131338251,0.005
82,8300,-3573.46517964022,-2802.30502118182,1.02109154757414,0.0188844425617717,0.005
83,8400,-3527.3787545562,-2733.77991746123,1.02463369477598,0.0189431965982031,0.005
84,8500,-3493.2829049032,-2889.35554714742,0.984814195921808,0.0156569442798943,0.005
85,8600,-3421.21752854282,-2820.63630708791,0.988600307349,0.0173458608217932,0.005
86,8700,-3385.08329477332,-2611.97602326776,1.01911686132889,0.0208867945408373,0.005
87,8800,-3357.93384922696,-2622.23580570835,1.00795730848512,0.0152207178667364,0.005
88,8900,-3295.44228902297,-2667.03426539141,0.990207972788059,0.0140072762386665,0.005
89,9000,-3271.62713620035,-2705.1266358639,0.974162582479156,0.013799459569769,0.005
90,9100,-3232.40676915398,-2590.36839022104,0.986383908764,0.0157077114719953,0.005
91,9200,-3193.32994993012,-2647.3297070462,0.967401456552173,0.0121944174607624,0.005
92,9300,-3137.70477889022,-2502.97341931333,0.984810206798062,0.0134030346045105,0.005
93,9400,-3113.23962377147,-2640.36555787146,0.951564083174476,0.0107275729285502,0.005
94,9500,-3056.65964537686,-2443.5164354377,0.978219790109123,0.013510500582115,0.005
95,9600,-3004.79304363121,-2248.80017439583,1.00406108315764,0.0147708137769524,0.005
96,9700,-2949.61785345296,-2503.66720384521,0.951069577547714,0.0105941219237454,0.005
97,9800,-2921.94444207965,-2585.49396021449,0.928837846370365,0.0079068465535984,0.005
98,9900,-2866.65646290243,-2256.97100317322,0.977366816811314,0.0140205216758781,0.005
99,10000,-2825.95437312959,-2250.55367018663,0.970330742077252,0.0123604516417118,0.005
100,10100,-2783.98516358872,-2106.40617920482,0.986696506165402,0.014539015348925,0.005
101,10200,-2742.56426341957,-2179.57702206971,0.966331423852734,0.0137898992973103,0.005
102,10300,-2696.93431450917,-2306.53059779061,0.93738650873128,0.00947163260086844,0.005
103,10400,-2657.80844652828,-2058.90099981312,0.970542299940977,0.0131473987652625,0.005
104,10500,-2605.52879107407,-1914.55246435379,0.986447150652171,0.0151101290222895,0.005
105,10600,-2581.92823050906,-2049.17177451403,0.956871876114186,0.0123013453426002,0.005
106,10700,-2551.93849854305,-2012.13486068997,0.955172701430167,0.0106837275048494,0.005
107,10800,-2488.80736794761,-2054.5135729661,0.940950377298291,0.00975580737907565,0.005
108,10900,-2460.51595054207,-1787.56684799176,0.975869923859551,0.0137743365088697,0.005
109,11000,-2386.52494491772,-1887.7689558721,0.952603416844459,0.0106085415353314,0.005
110,11100,-2371.92353446167,-1862.55681544982,0.949299081938003,0.0122454670413825,0.005
111,11200,-2335.00989774289,-1652.39330715262,0.974632200690991,0.0136989555921581,0.005
112,11300,-2286.97677850472,-1623.11298586112,0.971758886456581,0.0131750189389099,0.005
113,11400,-2245.92952140156,-1638.84050242579,0.962109241482114,0.0110328616471052,0.005
114,11500,-2204.58100045312,-1467.26738755428,0.980937514388179,0.0190175651977003,0.005
115,11600,-2134.05583317233,-1300.45420769068,0.998772770720594,0.0223533625808714,0.005
116,11700,-2118.13495134264,-1485.72338894642,0.96382195708532,0.0135630530405248,0.005
117,11800,-2072.02401860995,-1155.85740467295,1.00560716421651,0.021228805699002,0.005
118,11900,-2003.65387077588,-1366.09377166849,0.967560259884323,0.0131349653138143,0.005
119,12000,-2007.34669113067,-1197.90516171248,0.985177279416217,0.0164778642976969,0.005
120,12100,-1943.24946355456,-1418.00724904144,0.946298888928583,0.00933449518699868,0.005
121,12200,-1901.55401448384,-1297.59930276923,0.956899981636973,0.0116653988767013,0.005
122,12300,-1862.09331875103,-1545.73825149397,0.914841832115621,0.00712412691313993,0.005
123,12400,-1800.07813651889,-1283.93508593087,0.945631046300756,0.0102014373128372,0.005
124,12500,-1768.92484070602,-1114.67051897381,0.962929420770478,0.0125718106151578,0.005
125,12600,-1733.78683988024,-1089.78354402154,0.959767040086822,0.0109652064249992,0.005
126,12700,-1694.99730666997,-1038.92039319244,0.960261690371856,0.0109504449814375,0.005
127,12800,-1657.30746554726,-1186.12388861467,0.933545780015879,0.00915963760820546,0.005
128,12900,-1585.06486252885,-944.131658169328,0.960471306311059,0.0113717078279946,0.005
129,13000,-1540.54939935147,-940.490926211174,0.954592140427049,0.0111380517026978,0.005
130,13100,-1537.73735232309,-911.884894237281,0.952017370276079,0.0110394422594828,0.005
131,13200,-1487.35338824581,-982.230960681599,0.936301592663871,0.00985679612910513,0.005
132,13300,-1417.07025353081,-841.543028972861,0.949019625088316,0.0108124658594254,0.005
133,13400,-1380.31577598671,-754.968573386808,0.954383500542304,0.0108104311497434,0.005
134,13500,-1313.23092180568,-781.788692876285,0.944630359985165,0.0101875357623695,0.005
135,13600,-1315.3909221889,-688.286399882376,0.95078821288846,0.011058325236352,0.005
136,13700,-1265.80489754515,-751.116840384776,0.936601890522207,0.00978080685361864,0.005
137,13800,-1216.98387602056,-429.970796384961,0.972190606121216,0.0133120904436251,0.005
138,13900,-1171.73348571011,-560.488351840611,0.949276645054593,0.0104955288117438,0.005
139,14000,-1104.98558414767,-468.760255133855,0.955026853464661,0.0105061007726693,0.005
140,14100,-1086.35905282276,-562.343370756901,0.937240993861897,0.00977928558991449,0.005
141,14200,-1030.70512592249,-286.119852184181,0.966291660427943,0.0140971043497262,0.005
142,14300,-991.928869973353,-285.268773872383,0.960448046261213,0.011260261589681,0.005
143,14400,-958.071228739241,-235.756959010216,0.960692330944772,0.0116286515498556,0.005
144,14500,-923.046667554421,-366.388025571939,0.938745116058468,0.00943293514762541,0.005
145,14600,-869.755778879856,-426.133902480117,0.925727798257498,0.00809223764767784,0.005
146,14700,-820.853036882236,-267.343198648149,0.939592050878522,0.00951289065776187,0.005
147,14800,-791.732536344154,-57.7360611548581,0.959458840769078,0.0116284872718224,0.005
148,14900,-756.453344657506,-194.629846779519,0.937256953222187,0.00915536378221478,0.005
149,15000,-693.06228525339,64.9116413101983,0.962862064529243,0.0122318279133278,0.005
150,15100,-661.021189432227,-83.6221117226052,0.939556772392916,0.00932936276861474,0.005
151,15200,-634.607564892126,174.417994717846,0.96463281900438,0.012592089762466,0.005
152,15300,-571.350440031151,-69.5421035357714,0.930328285757967,0.00826968442443016,0.005
153,15400,-553.315211317448,362.060823047465,0.975648572058576,0.0128993566771283,0.005
154,15500,-485.415502064446,253.995794629068,0.957527417948634,0.0117216077437752,0.005
155,15600,-439.976880374292,248.268398351034,0.951288099864854,0.0102587326889868,0.005
156,15700,-410.38320993428,364.385134120231,0.959377800722035,0.0111593783724919,0.005
157,15800,-365.858477693826,250.424915186472,0.940901049276946,0.00964150848911588,0.005
158,15900,-310.597277525889,249.759423915267,0.935601259586236,0.00923215865639828,0.005
159,16000,-297.21190246986,472.025025474211,0.955642815207956,0.0114301965504914,0.005
160,16100,-222.588698109137,327.579563099306,0.933994593773047,0.00884229390322551,0.005
161,16200,-206.45070989139,569.123251173477,0.955962716030297,0.0104290109702478,0.005
162,16300,-134.54601228719,476.124618686359,0.940399016018738,0.00918923928595823,0.005
163,16400,-108.266480978476,570.303399964911,0.945747096787392,0.0103973972873856,0.005
164,16500,-60.5151177444795,919.056004228486,0.979115067744543,0.0145691363827173,0.005
165,16600,-20.3256838387115,960.908094078514,0.978412597971922,0.0134535241783947,0.005
166,16700,24.2243918273598,769.087227213781,0.952238829782413,0.0103540554858752,0.005
167,16800,75.6670929030661,938.894949270579,0.965642502543763,0.0114135683935889,0.005
168,16900,86.1510951075416,915.885038594578,0.957993558591573,0.0116054327438771,0.005
169,17000,139.365772014674,1060.56646873736,0.968472811617803,0.012780674963615,0.005
170,17100,199.324307584555,798.92713611047,0.935445148228478,0.00884853186662516,0.005
171,17200,246.551047516325,923.041685837209,0.943806539214537,0.009578175007021,0.005
172,17300,322.870717928362,853.364913391216,0.931522591259443,0.00866656989051493,0.005
173,17400,328.35034694881,1025.83802742876,0.944871576053387,0.0101258326304273,0.005
174,17500,386.18200572837,1185.73109272513,0.956771937325664,0.0104764219680761,0.005
175,17600,380.980707938465,1065.74506744692,0.939398501024438,0.00950058338246557,0.005
176,17700,459.374829562484,1079.0126282622,0.935960521658153,0.00924008213884791,0.005
177,17800,476.613836412562,1571.48738269511,0.981974585827428,0.0129736462864362,0.005
178,17900,520.252008890021,1434.5639862876,0.963030717777265,0.0117580539995451,0.005
179,18000,576.910370869181,1411.86253076149,0.955885562776295,0.0110168894547182,0.005
180,18100,624.619898578466,1269.64484647698,0.936699132525945,0.00881200638680893,0.005
181,18200,701.172008239362,1488.74558405562,0.95418939306428,0.0107215844964998,0.005
182,18300,716.295243029052,1326.81787402816,0.933227399342302,0.00891820053555836,0.005
183,18400,768.045741344737,1450.10457219138,0.940995726387964,0.00974333802839405,0.005
184,18500,791.550323049109,1532.80262098114,0.944631649670323,0.00987514446321724,0.005
185,18600,834.665818968855,1752.51078754031,0.961810841998555,0.0112774550750998,0.005
186,18700,868.531565342034,1716.08989329,0.953560391912439,0.0109984398744167,0.005
187,18800,938.095384363282,1727.92135458399,0.950154916491652,0.0106016324631846,0.005
188,18900,944.879354769088,1915.27348897255,0.963923428770189,0.0118323351554946,0.005
189,19000,994.46914850286,2150.57399724289,0.982147458829215,0.0142006307106592,0.005
190,19100,1036.07450944495,1814.85024838175,0.945050624261733,0.009614720473875,0.005
191,19200,1101.32348884153,1853.31667226432,0.944283851068943,0.0104288838596987,0.005
192,19300,1143.12770548377,1921.3426604866,0.94641438400969,0.0103282522644742,0.005
193,19400,1178.63150750163,1995.1511174303,0.949012726363441,0.0106625907983479,0.005
194,19500,1231.45248914504,1979.38244045216,0.94308387322788,0.00988869168699321,0.005
195,19600,1254.7684358913,1843.17710282553,0.925854861504072,0.00815972057877264,0.005
196,19700,1295.87954106102,2085.8418110407,0.944438332819701,0.0101952729210714,0.005
197,19800,1341.9411440437,2376.75007230332,0.967347155975707,0.0127740937670196,0.005
198,19900,1388.91625507824,2578.11973197823,0.9817475844033,0.0148439854723672,0.005
199,20000,1429.96549324522,2463.61291301546,0.966676974808342,0.0140252257518596,0.005
200,20100,1487.20733872332,2404.8428711736,0.956779724631699,0.0106801036618416,0.005
201,20200,1520.36194411497,2534.38549233153,0.964400990066601,0.0120982592951686,0.005
202,20300,1552.41882461431,2407.06420466941,0.948421578354292,0.0101838010870626,0.005
203,20400,1604.31231489431,2448.53050415363,0.947996140027656,0.010897413635042,0.005
204,20500,1651.31139140039,2585.11120736316,0.956106145991478,0.0108297074821333,0.005
205,20600,1691.90147978781,2703.31988055531,0.96259954863355,0.0120689756306551,0.005
206,20700,1736.43585946272,2513.99994324619,0.941329941456157,0.0106426229903536,0.005
207,20800,1789.27100330501,2510.39834881865,0.93687502744615,0.00922546895274501,0.005
208,20900,1841.031168049,2699.14092454231,0.949577850630005,0.011079098761897,0.005
209,21000,1881.55069650181,2848.97054588145,0.958757825067277,0.0104748484452295,0.005
210,21100,1892.80180512833,2751.19477968879,0.945968574425339,0.00987355773894068,0.005
211,21200,1938.77208029939,2707.25007623953,0.93800877525805,0.00932374342462071,0.005
212,21300,1965.53834314375,2929.7537503525,0.953482863719196,0.0108563301015038,0.005
213,21400,2022.26373270618,3289.32405469196,0.9807883836224,0.0133660409711469,0.005
214,21500,2067.89185115401,3292.26983850321,0.976855104640407,0.0128363682519155,0.005
215,21600,2129.40611550782,3055.4910492942,0.952253177096831,0.0109166067032238,0.005
216,21700,2166.19651137416,2876.6295464799,0.932808489430374,0.00937635755096574,0.005
217,21800,2207.62258375478,3338.04356488236,0.968441384744061,0.0121316014462949,0.005
218,21900,2236.30904860794,3160.52641123949,0.94924029035989,0.0109601032534306,0.005
219,22000,2264.88007819773,3013.2896865665,0.932757976675923,0.00905876480507479,0.005
220,22100,2314.20785333914,3404.04127290754,0.961990908826117,0.0112910359699906,0.005
221,22200,2367.47081812024,3495.2648845215,0.96568755087856,0.0118514229196919,0.005
222,22300,2437.69677743183,3266.81723146377,0.94255688881191,0.00976185687956783,0.005
223,22400,2444.27120617333,3268.27468614833,0.938810414015778,0.00972153388794987,0.005
224,22500,2494.40099956249,3501.86953365653,0.954451627811257,0.0113368608859999,0.005
225,22600,2525.83973717659,3390.30876807597,0.941307831667196,0.0101104790830222,0.005
226,22700,2559.31109288296,3361.60691446492,0.93509742769102,0.00885581185332015,0.005
227,22800,2655.20689168551,3603.10645813581,0.951235260835632,0.0101315159652538,0.005
228,22900,2643.41492900237,3531.36373594923,0.941508148603286,0.0101968065945952,0.005
229,23000,2719.55389749862,3600.36602122288,0.943389110447042,0.0097365941608666,0.005
230,23100,2744.30025024673,3489.96499681831,0.930650700555642,0.00850612914174202,0.005
231,23200,2776.38793310105,3657.78460288811,0.940580772377196,0.00945875923932525,0.005
232,23300,2844.94676412667,4042.20180114956,0.967853966665106,0.0124281804297106,0.005
233,23400,2881.60223783935,3550.9669942776,0.924548892695809,0.00763632329448804,0.005
234,23500,2958.00015450723,3614.9001843627,0.926030318067034,0.00829680714032615,0.005
235,23600,2959.879510683,3801.09172741754,0.937288994377928,0.00922489449618743,0.005
236,23700,2987.91487021243,4002.73261333926,0.949631464843375,0.0105191571926191,0.005
237,23800,3117.7953694805,4249.04498226815,0.965456143526696,0.010974447410679,0.005
238,23900,3078.64790725171,4141.96511065298,0.95330271991289,0.0106858827492127,0.005
239,24000,3149.45164879476,4032.99492333515,0.941053249503126,0.00999895005133866,0.005
240,24100,3151.5607479838,4148.36426919875,0.946442725943518,0.011182589460027,0.005
241,24200,3217.86425937404,4872.76855112674,0.99926998938683,0.0154894891967631,0.005
242,24300,3277.68869593798,4437.07688808728,0.961690045740569,0.0114117764925321,0.005
243,24400,3296.45125787782,4028.77306902992,0.926457214169618,0.00831154907356517,0.005
244,24500,3349.88850551752,4312.70129099363,0.944815193053761,0.0107626637942414,0.005
245,24600,3400.1356797834,4560.60547430663,0.960298392644423,0.0111811732754731,0.005
246,24700,3445.6226585251,4375.06775493093,0.942534729304292,0.00961044878081128,0.005
247,24800,3461.25323997114,4224.28490460386,0.927524689481712,0.00798897721068209,0.005
248,24900,3515.11237741753,4233.65798081689,0.92478439024885,0.00778733142297711,0.005
249,25000,3556.50077837371,4865.00351035724,0.969080767179854,0.0126828893219476,0.005
250,25100,3638.0216301283,4660.15427253347,0.9501037347424,0.0104629378857781,0.005
251,25200,3634.54102926445,4478.18491092977,0.932931986822986,0.00898994004134387,0.005
252,25300,3704.16452517566,4550.60845189871,0.93492627549385,0.00852056423192957,0.005
253,25400,3734.55809927361,4969.24415619047,0.962685180503736,0.0112549908373579,0.005
254,25500,3828.18332248823,5315.4479842232,0.984898493677568,0.014624189268684,0.005
255,25600,3822.39640158329,4965.5774414837,0.955480729772641,0.0106129204809962,0.005
256,25700,3846.71303570163,4912.94916124356,0.948118088857771,0.0102350311649094,0.005
257,25800,3899.41563043751,4862.67747189774,0.941038860517199,0.00930297247552086,0.005
258,25900,3935.36746201227,5174.23899404656,0.960445422458093,0.0118664027757001,0.005
259,26000,3994.76764352134,5219.71214789299,0.960342888463002,0.0114857722081105,0.005
260,26100,4027.66366135302,4943.52798428363,0.936869710923015,0.0095038968183348,0.005
261,26200,4061.76774904773,5226.88607992825,0.954025695689299,0.0107335745509078,0.005
262,26300,4098.84316309432,5385.0600617348,0.962076514310935,0.0117640110132168,0.005
263,26400,4137.31003614925,5620.29537817022,0.975632859360182,0.0129493279387787,0.005
264,26500,4229.47350512247,5289.3664366066,0.948499449572588,0.0107780915147146,0.005
265,26600,4253.93442434268,5707.51070161844,0.975009900085675,0.0120606280469646,0.005
266,26700,4291.76917496483,5611.26319463076,0.964754767783856,0.012548673784886,0.005
267,26800,4387.54297417594,6085.30059597759,0.995028701712979,0.0142058737374556,0.005
268,26900,4456.65157829707,5629.83005462513,0.959409561401795,0.010930785232032,0.005
269,27000,4411.99198089364,5569.02935428273,0.951834946617805,0.0101890033665701,0.005
270,27100,4444.35615800444,5665.87946642588,0.955331094454219,0.0108181010732354,0.005
271,27200,4482.15113532843,5904.43539030877,0.968729543004533,0.0120817143508286,0.005
272,27300,4521.34542685876,6017.93611940612,0.973334413766838,0.0125763536621374,0.005
273,27400,4626.72307298714,5508.58257581401,0.934668284813846,0.00912763683569313,0.005
274,27500,4619.4935722301,5888.80955013155,0.957819164641295,0.0113081791022546,0.005
275,27600,4688.25846125247,5849.07459658714,0.951822007151874,0.0105294305390223,0.005
276,27700,4714.27323992329,5933.54935346355,0.954397704638826,0.0113704411564967,0.005
277,27800,4848.98157640329,6029.32592165115,0.957778983433943,0.0107842349215016,0.005
278,27900,4801.3600376194,5965.58942395497,0.950213425453024,0.0108772554952685,0.005
279,28000,4845.4523570321,5936.77890677063,0.945091118110949,0.0104470779585301,0.005
280,28100,4958.10181818203,6185.24955449924,0.958787342835567,0.0115111376833764,0.005
281,28200,4891.79429663358,6218.81510512394,0.957885536674495,0.0114463393589775,0.005
282,28300,4961.45858826301,6021.31519622162,0.941424913896774,0.00971392631009453,0.005
283,28400,5016.94215262703,6122.94258262835,0.945133324487679,0.0097681964929714,0.005
284,28500,5040.23985007261,6121.15966581411,0.941912910434209,0.0103574955730423,0.005
285,28600,5076.06472380193,6484.9060595367,0.963133928843791,0.0116367658424676,0.005
286,28700,5149.41023411568,6500.93781230009,0.961048920968834,0.0119376632641223,0.005
287,28800,5156.90969017442,6128.35170747483,0.933230880328261,0.0089571583560791,0.005
288,28900,5207.37957290733,6364.97120999533,0.945815347737479,0.0113044001339519,0.005
289,29000,5302.06264972885,6578.76826280673,0.956839577015148,0.0132471003949949,0.005
290,29100,5304.10814156208,6576.79525810375,0.953672053803598,0.0111441030090739,0.005
291,29200,5354.78106995328,6759.96355402545,0.962583039395429,0.0119142664669649,0.005
292,29300,5373.16563907877,6368.89939945215,0.933989857849007,0.00831780315691855,0.005
293,29400,5426.08702285008,6694.63609388949,0.952207021538466,0.0104828039166741,0.005
294,29500,5474.39002033364,6696.6058119352,0.949315486087774,0.0100674782880877,0.005
295,29600,5542.40720992876,6880.81331735695,0.958223781059841,0.0110202526079863,0.005
296,29700,5544.31001538803,7001.87584763648,0.962960919304095,0.0114518067393552,0.005
297,29800,5624.44353440657,6687.07099022535,0.939735225098217,0.00912310967177077,0.005
298,29900,5667.75244233613,6837.01062041605,0.946402777496147,0.0102918394391803,0.005
299,30000,5697.52090795239,7381.35858983899,0.97817162015469,0.0128137157401966,0.005
300,30100,5720.98284008325,6923.28682367285,0.945998499083106,0.0100457186975353,0.005
301,30200,5778.04701714479,7439.89346225203,0.975771129248746,0.0113486148758698,0.005
302,30300,5898.99024736836,7208.34552218823,0.95814859520946,0.010535066203859,0.005
303,30400,5871.6684922362,7235.40113789432,0.95688120067119,0.0111000774330791,0.005
304,30500,5899.90904313556,7327.74109406897,0.959757169195318,0.011733216269045,0.005
305,30600,5985.43630749699,7367.52947150904,0.959268509742063,0.0106030106527097,0.005
306,30700,5968.05903179803,7459.78273719341,0.962112524672674,0.0116667522343138,0.005
307,30800,6062.70458087397,7381.4601966677,0.954313563799503,0.0114069074149861,0.005
308,30900,6168.3312441463,7022.26428539411,0.929124507632048,0.00871523300190608,0.005
309,31000,6099.96770096738,7192.9594528156,0.936845940057187,0.00899857175131612,0.005
310,31100,6164.33127569468,7601.05695688293,0.959190060857134,0.0107475914997974,0.005
311,31200,6222.55484630966,7496.05950606461,0.949862855216057,0.010018700637935,0.005
312,31300,6355.57570079704,7288.78593131639,0.934281258520585,0.00859384419022664,0.005
313,31400,6266.65668967398,7478.79730487393,0.943090702045767,0.011063393916907,0.005
314,31500,6348.8978184294,7459.13364276563,0.939098384525721,0.00973530106596348,0.005
315,31600,6385.78649834676,7588.82380914269,0.944183890510874,0.0096679572762676,0.005
316,31700,6408.81482109354,7742.83077581067,0.950697727652269,0.0104415545620719,0.005
317,31800,6459.09145898924,7679.12541944543,0.944033494439986,0.0106441313189823,0.005
318,31900,6491.28974770525,7737.65503904849,0.944791886643029,0.0102476944655789,0.005
319,32000,6563.14810915808,7990.85895150825,0.95720752265356,0.0107978542975982,0.005
320,32100,6626.15696027858,7806.34696060035,0.943350703007926,0.00947724444264372,0.005
321,32200,6641.01523437445,8318.15278827272,0.97113407533174,0.0120205579630041,0.005
322,32300,6670.27502033435,7881.22083315698,0.942298785259643,0.00989151769934949,0.005
323,32400,6692.71425927873,8303.7196473987,0.964651927598327,0.0120019533264845,0.005
324,32500,6756.17861854746,7830.53653586633,0.933847657735234,0.00893119693531275,0.005
325,32600,6773.61956523007,7945.94080675245,0.937955059395372,0.00915885213892626,0.005
326,32700,6834.3328226935,8265.57055345431,0.954038761696677,0.0104345780749749,0.005
327,32800,6858.95518193241,8202.88443962318,0.947645205419165,0.00996694210527575,0.005
328,32900,6995.7631217168,8375.40336381137,0.955026336591521,0.0110975824572544,0.005
329,33000,6984.13720630243,8313.27578152173,0.9486665664134,0.0102086862325623,0.005
330,33100,7019.27779663424,8562.07618946833,0.960415994237037,0.0109015028196539,0.005
331,33200,7027.16794301839,8668.1311078191,0.963868677767979,0.0121961379170983,0.005
332,33300,7144.41919356044,8378.20848687489,0.944353589971809,0.0100538958019082,0.005
333,33400,7126.70439496446,8524.68004798338,0.950118887684246,0.0107960291017568,0.005
334,33500,7185.42923882927,8472.3045266529,0.944426106417168,0.0101407402027137,0.005
335,33600,7284.47697683874,8439.53469149092,0.939904954354064,0.00957373340178031,0.005
336,33700,7259.11511880028,8441.40150362891,0.937385042147261,0.00934537555336207,0.005
337,33800,7329.97936058841,8517.12838636838,0.939075256130277,0.00978636189287909,0.005
338,33900,7341.30034688234,8902.20113833779,0.958328588148357,0.0109181233008436,0.005
339,34000,7378.56905597616,8856.4039240001,0.953078726852974,0.0107394775117653,0.005
340,34100,7487.74708750346,9057.84949536228,0.961834429550954,0.0115549782250761,0.005
341,34200,7489.54027291929,8793.81527011401,0.94430218693087,0.0101134079461034,0.005
342,34300,7516.5773126176,9139.81350053619,0.961125566639261,0.0113899005517111,0.005
343,34400,7643.84981373418,9200.36190423937,0.961902846494039,0.0116540702359184,0.005
344,34500,7659.92619375115,9027.32579599319,0.949594531997973,0.0103345411503246,0.005
345,34600,7623.70261424353,9253.12441472877,0.959606743347411,0.0115154102969347,0.005
346,34700,7689.75809064197,9470.55112500014,0.969064072527049,0.0125019695552574,0.005
347,34800,7814.41599878751,9292.87312557467,0.956591098134384,0.0108618855540509,0.005
348,34900,7819.8747096332,9348.85479473958,0.957091639010715,0.0104300852833616,0.005
349,35000,7824.65405295941,8979.51518916538,0.934133162394749,0.00856556388352582,0.005
350,35100,7854.16993124122,9479.29088179856,0.959121174629634,0.0113518878538976,0.005
351,35200,7907.5772305522,9395.93075110528,0.951951987201406,0.0106354782457823,0.005
352,35300,8029.09736320068,9919.36012312814,0.978026170999433,0.0129080674465416,0.005
353,35400,7992.13521732726,9168.94463030358,0.934473880587586,0.00871663721458982,0.005
354,35500,8077.32480068848,9301.50694573308,0.939193619068329,0.00863760562309498,0.005
355,35600,8105.74431314039,9861.10290077538,0.967072802692877,0.0119654892849903,0.005
356,35700,8182.83804542869,10234.7480077659,0.984750438363795,0.0136685871412336,0.005
357,35800,8178.04677077602,10238.6324892967,0.98237089707301,0.0138693957169887,0.005
358,35900,8243.66422496926,9763.44860035133,0.954159057590189,0.0104411958767804,0.005
359,36000,8248.42926858144,10187.3716346737,0.974421290896129,0.0126318793715205,0.005
360,36100,8357.10737705521,10400.8072659597,0.983283406067446,0.013397935233024,0.005
361,36200,8387.54114515841,10323.9878059567,0.976639320086656,0.0131534072421657,0.005
362,36300,8433.60540754619,9959.29332858724,0.954615517470307,0.0117455334228064,0.005
363,36400,8453.33556505437,10662.4097021528,0.98951368620342,0.0144218126420447,0.005
364,36500,8442.90941990937,10120.718140326,0.958241073197335,0.0115617366673172,0.005
365,36600,8523.46311054451,10250.8337267081,0.96264924939616,0.0119027514252777,0.005
366,36700,8534.3520636515,10412.0736788964,0.968651255763115,0.0122641862737935,0.005
367,36800,8561.90175227985,10283.6776857446,0.959392700036284,0.0116721287983967,0.005
368,36900,8618.48769613821,11104.197103819,0.999984041585135,0.0153335329750969,0.005
369,37000,8717.1459181946,10735.484897893,0.978133830430826,0.0121943765269108,0.005
370,37100,8725.23647422532,10548.1324791741,0.965850529940179,0.0119463282904784,0.005
371,37200,8875.34397996794,11028.4302060222,0.988375970383319,0.013471191553566,0.005
372,37300,8795.97035085381,10505.8991490829,0.958717682467169,0.0121507078994437,0.005
373,37400,8866.34120340892,10148.6154232075,0.937792354517131,0.00912266591790752,0.005
374,37500,8882.69362640804,10898.3430343355,0.974156357767613,0.0120574673300209,0.005
375,37600,8948.08546253044,10512.3434041564,0.951789862995675,0.010558777327542,0.005
376,37700,8978.47441784842,10412.1268145772,0.944223127462153,0.0106432791905929,0.005
377,37800,8990.7795520752,10387.0829608737,0.940562565977258,0.0106603292654353,0.005
378,37900,9047.13801406482,10643.0303867981,0.951315767301449,0.0108329992819547,0.005
379,38000,9148.61723755304,11287.6443258696,0.981829355220517,0.0138887947716172,0.005
380,38100,9111.9049896161,10939.4923785479,0.96166074261046,0.0106618339398819,0.005
381,38200,9182.52682657057,10717.3990143573,0.947973612750405,0.0104194133430312,0.005
382,38300,9243.7417258106,11504.145961889,0.985468457794859,0.0135619259513796,0.005
383,38400,9264.29519757512,11360.5950588999,0.975783418341562,0.0126533230935547,0.005
384,38500,9309.74207852636,10829.8949947651,0.946643343845124,0.00948632250215333,0.005
385,38600,9339.37748648661,10520.6152822629,0.928759290638304,0.00797328134858962,0.005
386,38700,9407.29240523526,11149.1347367219,0.957993108397819,0.0110427234772449,0.005
387,38800,9529.17705849384,11311.6698057021,0.963774633533134,0.0114473181645832,0.005
388,38900,9504.71665587672,11217.4027330021,0.956722306865614,0.0108311522835001,0.005
389,39000,9548.83402202523,11004.9764222823,0.94381589217125,0.00946133503481352,0.005
390,39100,9603.06113568403,11281.2664311041,0.955224380474278,0.0111591059283642,0.005
391,39200,9668.96311103569,11842.3944413663,0.980679456042174,0.0145866252664769,0.005
392,39300,9665.72626307427,10890.6378649363,0.931293643674192,0.00926692678880844,0.005
393,39400,9787.49743462502,11195.853958669,0.944097531050832,0.0093190425597567,0.005
394,39500,9767.29503252738,11404.4582485888,0.952081004493402,0.0103708326432799,0.005
395,39600,9823.27980799273,11935.3039748093,0.975824443692884,0.0127492830323454,0.005
396,39700,9910.48164143319,11496.6421449446,0.952025249926251,0.0109564551529494,0.005
397,39800,9947.83613350679,11764.4415022431,0.962822101222141,0.0112812084155689,0.005
398,39900,9897.67643450407,11516.4425623442,0.948448941576284,0.00949395526768943,0.005
399,40000,9943.49553303434,12218.4885506068,0.980287011074616,0.0128567706463771,0.005
400,40100,9980.52088159905,11697.4367203888,0.952715083490589,0.0111462579348376,0.005
401,40200,10078.1440675994,11849.7152412092,0.957831211407874,0.0111446727974935,0.005
402,40300,10092.7359311558,11711.1634823977,0.948868456561349,0.0106311978463601,0.005
403,40400,10102.5102472433,12337.3069824953,0.976757189493739,0.0134689930114681,0.005
404,40500,10188.8341132975,12792.2631016349,0.996291521750044,0.0160263090494081,0.005
405,40600,10225.7080826533,11828.2681951003,0.947804702392813,0.00995963581867572,0.005
406,40700,10332.0660723517,12190.4573290443,0.96288614803261,0.0117034064892491,0.005
407,40800,10296.6574192753,11574.4058248652,0.931257196116803,0.00887463953174188,0.005
408,40900,10466.6131631482,12640.8978934665,0.979818739553024,0.0129230668046307,0.005
409,41000,10401.1151660515,12410.1745398535,0.966606285578829,0.0116451609004964,0.005
410,41100,10454.4148699366,12010.808541975,0.945428708616128,0.0103022836018949,0.005
411,41200,10455.0006554074,12082.3417847702,0.946632644901833,0.0102916760082489,0.005
412,41300,10502.0957555409,12005.633150931,0.940821741166499,0.00912234716980157,0.005
413,41400,10551.3167819904,12685.4556037578,0.970622531590638,0.0125721273417375,0.005
414,41500,10571.1157958889,12681.4176379752,0.96822358803335,0.0118906080136501,0.005
415,41600,10612.3427128034,12337.5978334243,0.94989901294355,0.0103476834381525,0.005
416,41700,10664.8247753556,12174.9682748688,0.94012293917384,0.00966916781268511,0.005
417,41800,10723.4786972618,12284.2240457832,0.943068262740117,0.0097797190737602,0.005
418,41900,10753.0237775005,13026.1367323327,0.975405116905614,0.013098298236017,0.005
419,42000,10777.8394629326,12676.4997605227,0.956986573772211,0.010685035632841,0.005
420,42100,10901.5378537396,12455.3669911783,0.94457390896694,0.00977411384041402,0.005
421,42200,10867.4822204877,12347.1579657604,0.937451687679187,0.00926262501119754,0.005
422,42300,10923.2709087396,12988.692075516,0.964871549707578,0.0116121781672695,0.005
423,42400,11069.0769407929,13387.7193763814,0.981057031935749,0.0133607961409123,0.005
424,42500,11071.4565752724,12940.9525127774,0.958369655519425,0.012324082479589,0.005
425,42600,11087.5540176463,12999.6496710138,0.958911386930363,0.0130084448237506,0.005
426,42700,11187.6016737528,13823.5320215243,0.994356174335834,0.0169066096835605,0.005
427,42800,11149.0706944702,13855.0714338954,0.993601794921792,0.0174943408947794,0.005
428,42900,11204.1191160647,13313.5753579646,0.966760399715676,0.0151346458519416,0.005
429,43000,11270.2850875529,13583.6735789805,0.97687325934868,0.0134416991017006,0.005
430,43100,11270.0784392389,13947.58342407,0.991164997906576,0.0152763627643525,0.005
431,43200,11312.7195477549,13593.534432675,0.972986555769911,0.0144054378339568,0.005
432,43300,11350.4065928259,13398.3865648225,0.96204165439808,0.0125459483963788,0.005
433,43400,11445.9903216154,14175.8922570344,0.994879926604046,0.0157018398701409,0.005
434,43500,11442.5834376586,14226.1560389932,0.994928118537235,0.0157770577408859,0.005
435,43600,11464.3124822289,13819.3510926371,0.974546228397058,0.0124399462091079,0.005
436,43700,11603.6954041098,13943.9987476718,0.977994766924515,0.012836636339718,0.005
437,43800,11615.66816166,13782.3198862556,0.968650841695675,0.0123971295888498,0.005
438,43900,11629.0991502135,13655.6093433162,0.96089996772671,0.0125504387053756,0.005
439,44000,11689.0363364225,13391.8145731078,0.947116997003084,0.01041483935134,0.005
440,44100,11763.5880482121,13848.8201159354,0.965292438646741,0.0122829848079466,0.005
441,44200,11720.7625602349,13425.6128845307,0.944504462772027,0.00975938845582588,0.005
442,44300,11791.1123761489,13193.3190254048,0.932221091558057,0.00803138287161391,0.005
443,44400,11882.1400320127,13571.702989387,0.946860894302366,0.010420985432583,0.005
444,44500,11900.473058472,13821.0316958345,0.955757819995857,0.0111908168969878,0.005
445,44600,12009.7622246751,14020.8223795148,0.962466858941111,0.0113946813281526,0.005
446,44700,12100.0713189219,14069.8505424318,0.962561200148655,0.0110382526747204,0.005
447,44800,12122.6871991923,13913.5947397471,0.953679961908676,0.0103301480644156,0.005
448,44900,12099.1855342372,13836.2914282764,0.948267338100606,0.0102870472754138,0.005
449,45000,12107.1158701448,14499.9459831625,0.975077115674414,0.0130620140832828,0.005
450,45100,12151.2022077005,14536.8681649613,0.974625165955444,0.0123053545399387,0.005
451,45200,12196.5040021754,14348.182382284,0.96438514740857,0.0112159278568794,0.005
452,45300,12227.2479070342,14347.4009001125,0.962308242383276,0.012156900698121,0.005
453,45400,12237.6501476116,14193.7434372986,0.953662866357551,0.0116158421073348,0.005
454,45500,12372.6751843813,14774.4558023068,0.976613375808234,0.0125809523370096,0.005
455,45600,12378.4892137567,14811.1598648036,0.976140528100007,0.0124394639852299,0.005
456,45700,12417.4218060913,15278.1643093087,0.994069460895339,0.0151119598731821,0.005
457,45800,12457.7752991873,15645.1333963202,1.00767299806982,0.018135062623189,0.005
458,45900,12511.8863843719,14998.5778609843,0.978022479236974,0.0126371202654456,0.005
459,46000,12522.3654386648,16457.686390132,1.03804032766545,0.019375509397084,0.005
460,46100,12659.2478329062,15358.1164118785,0.989201685541584,0.0159970137709335,0.005
461,46200,12594.6015243299,14891.0980120773,0.967397297905928,0.0130421611397981,0.005
462,46300,12638.3531444729,15603.1267981317,0.995464706613436,0.0171767025089268,0.005
463,46400,12661.621756946,15480.4042938759,0.98823585451823,0.0141239518170253,0.005
464,46500,12733.8548329584,15154.5930918518,0.972486839468769,0.0156483871262289,0.005
465,46600,12806.9459286195,14927.5265609029,0.96093786767827,0.0123230271870512,0.005
466,46700,12790.132302186,14611.4811906391,0.945708165814724,0.00969665647054062,0.005
467,46800,12850.7625783462,14239.9124595058,0.928228726271039,0.00823038750193767,0.005
468,46900,12896.3511020414,15171.0698968066,0.965208953318712,0.0116377007293108,0.005
469,47000,12937.8703065373,15015.9146879957,0.956769495672302,0.0105751865005151,0.005
470,47100,13083.3531059728,14911.7297321713,0.950486708521678,0.0103901643131988,0.005
471,47200,13024.3287181505,14574.0756966051,0.934545614905289,0.00889673396657924,0.005
472,47300,13045.9486467967,15020.2270766945,0.951134311794698,0.0106313264019246,0.005
473,47400,13091.5193024183,15330.2826586997,0.962020530088157,0.0114195935023109,0.005
474,47500,13162.4250466566,14997.6332298223,0.946354053730882,0.0102784737041303,0.005
475,47600,13195.3426405025,15666.9358699134,0.971979196526314,0.0120094745449264,0.005
476,47700,13296.1925014246,15122.063726042,0.947652424900098,0.00985586935228553,0.005
477,47800,13290.3112579786,14867.2862660313,0.935306838266342,0.00914931827839272,0.005
478,47900,13311.0957315936,15127.7177980924,0.944086844238976,0.0105027689457387,0.005
479,48000,13359.2957543553,16307.0328441162,0.990333707189009,0.01430133443762,0.005
480,48100,13429.5211091894,15524.2243413013,0.956468808964362,0.0115951715395823,0.005
481,48200,13440.6084030848,15919.2171128057,0.970631263299494,0.0118121741973649,0.005
482,48300,13478.2820255686,16456.0891152055,0.990489994390637,0.0151380832700035,0.005
483,48400,13538.6793739982,16064.5532777425,0.972698002960221,0.0143587785932627,0.005
484,48500,13547.9970099113,16118.8374181402,0.972903187741551,0.0136187059755327,0.005
485,48600,13648.5988669957,16158.2344301326,0.97261703070646,0.0134240057623718,0.005
486,48700,13686.1167692256,17869.4010111498,1.03958044675752,0.0187740766394914,0.005
487,48800,13685.9747739362,16594.2838351335,0.986302904103513,0.0141986349317766,0.005
488,48900,13748.4843158155,17188.2735486553,1.00816638784716,0.015788741845831,0.005
489,49000,13801.1994835634,16619.5140105618,0.983432188956086,0.0135561143287839,0.005
490,49100,13844.2755898182,18224.2619621278,1.0455945812413,0.0193650476967254,0.005
491,49200,13937.8201742102,17013.3221433643,0.995290546840845,0.0149259906062365,0.005
492,49300,13924.5436704627,16946.9694136132,0.990694396302517,0.0148809693269802,0.005
493,49400,13946.1085199395,17022.5425216313,0.991774517957982,0.019242563385896,0.005
494,49500,14020.6884505288,17631.8309764877,1.01399340404239,0.0176948734862765,0.005
495,49600,14080.39138605,16674.7720132699,0.974177294660869,0.0126931465517202,0.005
496,49700,14085.0144154566,16357.178387672,0.959739855430903,0.0111300765812273,0.005
497,49800,14216.0494165635,16130.4560324668,0.948959128454657,0.00997795920797546,0.005
498,49900,14183.1094571094,16761.3277855577,0.971932054551254,0.0121272365038745,0.005
499,50000,14247.6986130004,16896.2410283246,0.975357574388862,0.013828266482744,0.005
500,50100,14302.1711962519,17188.4860480566,0.984936255994652,0.0146831344484689,0.005
501,50200,14307.1016567723,16390.991460896,0.951872767795295,0.0108997745282807,0.005
502,50300,14357.5851516363,17410.2542435391,0.989826596427669,0.0158458247742625,0.005
503,50400,14389.2090149327,17154.823911844,0.977971931464647,0.0135838936647041,0.005
504,50500,14466.7227361233,17436.407252963,0.987074597698716,0.0142625235422423,0.005
505,50600,14514.3653847758,16677.8197018869,0.955752519377883,0.0113214970265489,0.005
506,50700,14505.910217359,16856.9145654731,0.960884978376513,0.0113069710300162,0.005
507,50800,14529.6568641184,17335.0953046636,0.97753495752794,0.0131853902519684,0.005
508,50900,14614.1068656688,16755.9260352944,0.953355874519685,0.0108461557759007,0.005
509,51000,14670.1864977089,17025.9328211703,0.9619508214884,0.0128529438208236,0.005
510,51100,14766.9382063473,17056.7929458333,0.961329829013679,0.0113361208350874,0.005
511,51200,14734.5547844933,17871.772065945,0.990780354667826,0.0154356987152294,0.005
512,51300,14785.4858116678,17167.1606452133,0.961944109420834,0.011525412088974,0.005
513,51400,14845.6767011263,17197.3200693684,0.961296809771746,0.011717550944411,0.005
514,51500,14924.6408265761,17362.3894657424,0.965786379721612,0.0115297863210366,0.005
515,51600,14920.0371197292,17189.2974891673,0.95739879292512,0.0103406160442701,0.005
516,51700,15044.862795743,17436.7410355819,0.965036587869983,0.0117466375107329,0.005
517,51800,15032.6603039023,17546.2321727897,0.967392876095659,0.012143041250935,0.005
518,51900,15102.0859466257,16578.6743944548,0.928951161787285,0.00861494012003203,0.005
519,52000,15168.4374815362,17318.5127489755,0.955195696003513,0.0101440673842194,0.005
520,52100,15105.4446196705,17298.7278083601,0.952695093355605,0.010209440529772,0.005
521,52200,15207.503888672,16907.7810065907,0.936211429995871,0.00949328791382045,0.005
522,52300,15206.5040416734,17300.6959010026,0.949247403740099,0.0104030358991292,0.005
523,52400,15335.0353443443,17384.9799770852,0.950662098472767,0.01062846537143,0.005
524,52500,15346.636877724,17545.5772313337,0.954942071782869,0.0112184528937404,0.005
525,52600,15339.3019805281,17491.1753792334,0.951157056148151,0.0107936187025509,0.005
526,52700,15433.7825747435,16808.0415026138,0.923932198357234,0.0080236161256564,0.005
527,52800,15431.9231689585,17023.236031166,0.930261273206007,0.00872264827580731,0.005
528,52900,15530.6618741421,17743.9710742982,0.955356326800366,0.0114117937142583,0.005
529,53000,15570.4844034621,17385.1881116145,0.940311554489286,0.00950595331757976,0.005
530,53100,15629.712563756,17413.8668855827,0.939652426836699,0.00921855591180253,0.005
531,53200,15559.2612447826,17468.5045044551,0.939975585078991,0.00939790248708126,0.005
532,53300,15659.8265686897,17313.2232436805,0.932549009593198,0.008960828481089,0.005
533,53400,15719.5467255913,17644.1174903106,0.94305843878809,0.00952054299638691,0.005
534,53500,15720.1785820522,17519.8326225256,0.936787230407696,0.00927358226702387,0.005
535,53600,15728.1565302876,17354.5494597282,0.929030745433978,0.00879286166760555,0.005
536,53700,15815.3981255896,17437.7979529993,0.930413718574495,0.00956521849435536,0.005
537,53800,15944.9050686053,17442.8883288093,0.928943504818577,0.00863301374973561,0.005
538,53900,15877.5921379041,18123.7171486567,0.952137021883959,0.0108543221509472,0.005
539,54000,15945.3774392028,18209.2128936348,0.953549666276234,0.0102909159006498,0.005
540,54100,16001.4701905171,18195.9492541284,0.951373992271554,0.0111638201176407,0.005
541,54200,16026.9218331849,17915.9155841355,0.939503498661399,0.0106800375492629,0.005
542,54300,16031.6114878307,18074.3478844034,0.943576683119412,0.00954337056911444,0.005
543,54400,16080.5933463581,17984.1014151654,0.938640811669713,0.00929735258952998,0.005
544,54500,16166.9577323748,17759.4605175311,0.928866177938003,0.00843690435529063,0.005
545,54600,16217.1285123666,18379.3568050064,0.949578693779136,0.0107012606768127,0.005
546,54700,16187.8058440424,18064.7657174876,0.936568399615244,0.00870988005494445,0.005
547,54800,16243.8320676581,18268.1615770233,0.942226141406826,0.00948686587981004,0.005
548,54900,16342.313825344,18496.5935293026,0.948767811587731,0.0107654592610645,0.005
549,55000,16318.3956630175,17994.9384450062,0.929149595090359,0.00856070997940981,0.005
550,55100,16402.6242102889,18191.8987496875,0.934549782631357,0.00900104850614524,0.005
551,55200,16428.1020220333,18745.381777813,0.95266903223442,0.0112869580577162,0.005
552,55300,16587.8831508198,19022.2196778929,0.9608831583058,0.0117113782646012,0.005
553,55400,16519.3965934622,19445.3902653889,0.974242121431059,0.014638705719643,0.005
554,55500,16631.1075178377,18481.9846533178,0.938348657669985,0.00926536056407669,0.005
555,55600,16629.172509683,19653.2358631087,0.978205523286284,0.0145268479874216,0.005
556,55700,16662.2286425676,18896.8569308582,0.949783341507586,0.0108048195847001,0.005
557,55800,16723.8222912077,19313.1502920447,0.962831233778214,0.011604477692721,0.005
558,55900,16780.4444083729,18767.2000751337,0.941920327058418,0.00963643017407737,0.005
559,56000,16781.766910784,19319.7096504986,0.959735850940622,0.0113819881348455,0.005
560,56100,16800.4437680434,19322.7430637789,0.958194304954085,0.0112979318156654,0.005
561,56200,16967.4385861658,18866.2427137499,0.940556572122968,0.00984172462428404,0.005
562,56300,16894.0202113269,18814.4771677378,0.937115474287667,0.00961125432006649,0.005
563,56400,17058.5185034188,19250.8549659912,0.95076061000187,0.0102974925669409,0.005
564,56500,16978.6814843717,19518.9288265397,0.958488853405377,0.0111750478723094,0.005
565,56600,16997.6854094251,19178.965206499,0.945019032937632,0.00953432523327086,0.005
566,56700,17110.9700539747,19114.8536911789,0.941187486311068,0.010458879251408,0.005
567,56800,17152.8467909059,19719.7676370557,0.960573707237877,0.0120114183872593,0.005
568,56900,17153.1099670926,19839.1992952095,0.963090869864301,0.0119270487127396,0.005
569,57000,17177.6413606076,19424.1111942621,0.947102245928145,0.010030699751428,0.005
570,57100,17236.6034223439,19743.8718075641,0.956548958142423,0.0127070817388278,0.005
571,57200,17289.2722824156,20036.9478676823,0.965029508449864,0.0136777747393778,0.005
572,57300,17459.8774779519,20383.3022212132,0.975315481559975,0.0133854008048179,0.005
573,57400,17464.2422064301,20319.6044738874,0.971497904067299,0.0167318760669875,0.005
574,57500,17404.7044338208,20874.8002366315,0.988906050532647,0.0166351010104548,0.005
575,57600,17583.5467962305,20673.8343728773,0.980363558081092,0.0138757608901251,0.005
576,57700,17559.7081916957,20894.7275676227,0.986251049575551,0.0141735020317087,0.005
577,57800,17573.1462058358,20194.4720174521,0.960691149072617,0.0115788495288035,0.005
578,57900,17604.1643189434,20120.7824617788,0.956594344194431,0.0107551853671143,0.005
579,58000,17719.8536969559,20576.6559808163,0.970503846748176,0.0120134641531311,0.005
580,58100,17778.3747213132,20602.7305881548,0.969765461483969,0.0115692812854418,0.005
581,58200,17702.6839800835,20629.1170008145,0.96905229665731,0.0134032355911914,0.005
582,58300,17809.1595269444,20929.7724062001,0.977614071937298,0.0132349276128591,0.005
583,58400,18023.3484548956,20805.3912399614,0.971801202067718,0.0116938198844504,0.005
584,58500,17897.5000739757,21138.56106864,0.981436524141331,0.0137062068302488,0.005
585,58600,17885.3092521435,19541.9444297514,0.926041649779302,0.0077387771679589,0.005
586,58700,17978.5948834709,20318.8035691667,0.950639706518555,0.0102526919480123,0.005
587,58800,17946.4606625081,20884.1852563109,0.968056538195202,0.0118641997436885,0.005
588,58900,17996.789774525,21236.0263444904,0.978251222889607,0.0139342707921854,0.005
589,59000,18028.9020432599,19904.2557169187,0.932091873355445,0.00856526940228116,0.005
590,59100,18130.3694991808,21408.7249822111,0.980821110373367,0.0167874868884075,0.005
591,59200,18204.6409222841,20290.9881148354,0.941942122225752,0.00943044620735647,0.005
592,59300,18155.5812314902,21918.163814718,0.994577136816543,0.0161595083834915,0.005
593,59400,18223.5084213287,20181.9797696037,0.935250505846299,0.00941456883103397,0.005
594,59500,18296.8127380861,21363.9144734465,0.972953486192237,0.0126614248807438,0.005
595,59600,18358.3985796521,21214.9719294938,0.966435914269653,0.0113207671176562,0.005
596,59700,18351.8245476781,22287.633194487,1.00034818035725,0.0156138580070692,0.005
597,59800,18362.033338118,21841.7476938141,0.984012712043479,0.0142985565717091,0.005
598,59900,18441.2892531933,20498.0937810045,0.93813098167427,0.00912368859451742,0.005
599,60000,18510.3785807191,21676.6632713567,0.975400919350088,0.0127215416488914,0.005
600,60100,18546.3027871236,21045.7479437417,0.953093402956768,0.0106001869517839,0.005
601,60200,18574.5106383659,21334.0451561309,0.961028867731992,0.0122186002356412,0.005
602,60300,18614.4217286741,21785.5232839165,0.974277177966449,0.0136545553985897,0.005
603,60400,18802.7717971908,21598.5628978738,0.96662345618713,0.0126619347142907,0.005
604,60500,18725.2177828665,20909.0323977464,0.942535381099529,0.00966478044473883,0.005
605,60600,18801.7692560488,21588.1309847946,0.963174153140782,0.0111041970141365,0.005
606,60700,18853.1908106482,21235.5091262154,0.9501604623077,0.0102139024707029,0.005
607,60800,18912.0920842703,21644.3739742851,0.961956149815742,0.0119449915236312,0.005
608,60900,18909.7749705912,21784.5206963943,0.964956349553427,0.0114728570257571,0.005
609,61000,18884.8595198857,20957.349371607,0.936626328288524,0.008817289027156,0.005
610,61100,18954.1669802837,21318.9307238113,0.946844289623294,0.0104924059172143,0.005
611,61200,19031.9616265036,22391.615030722,0.979993195650346,0.0126455947928425,0.005
612,61300,19202.1253478436,21988.0951477468,0.965415783023003,0.0123783474423968,0.005
613,61400,19097.193702436,20938.5552696282,0.930104597679707,0.00826192652174354,0.005
614,61500,19145.2290267231,21315.5891823458,0.940756222188656,0.00836641132763717,0.005
615,61600,19261.579705446,22071.6628801541,0.963546749265136,0.0115096676824744,0.005
616,61700,19250.4587703818,21536.4210600808,0.944885551302749,0.0100680022997984,0.005
617,61800,19248.5680244203,21164.6906098402,0.931501992755153,0.00852302086210673,0.005
618,61900,19331.5026284368,21549.7214422107,0.942348076739637,0.00919398840702581,0.005
619,62000,19363.0909609927,22273.7479708597,0.963963218825223,0.0113562024246296,0.005
620,62100,19472.9798556349,21825.1593388695,0.94818490576681,0.0107091821563068,0.005
621,62200,19441.8827797515,22099.1462842926,0.955411998773986,0.0110288869664638,0.005
622,62300,19484.9068149799,22172.3796707577,0.956243862052004,0.0114470918647423,0.005
623,62400,19505.853832533,21803.6311076887,0.943070042729531,0.00989184894288021,0.005
624,62500,19593.0927694186,21845.3749421177,0.942933660376863,0.0088773638090738,0.005
625,62600,19833.0623949667,22195.9570076606,0.952546581603161,0.0108342872714827,0.005
626,62700,19700.1996217219,22198.877137304,0.951177286349151,0.0108801053775177,0.005
627,62800,19643.2272766435,22300.4324818996,0.952904820866155,0.0112391063102495,0.005
628,62900,19818.0285870569,22092.188197197,0.94488434414293,0.0093045734960186,0.005
629,63000,19785.798524609,22831.6977600136,0.966639741332973,0.0115852533786587,0.005
630,63100,19829.6640871426,22064.6975212908,0.941122434971174,0.00981266614144267,0.005
631,63200,19830.1044906685,22743.7306019394,0.960948157221835,0.0123153445248452,0.005
632,63300,19907.0062414474,22281.0555078802,0.945001637840032,0.00989826886195357,0.005
633,63400,19895.2000138862,23231.886226055,0.973225166192795,0.0121927466458005,0.005
634,63500,19960.594750563,23251.1032400762,0.972340636708476,0.0137444871884928,0.005
635,63600,20002.0252307973,22862.6729591603,0.958771844718959,0.0126354748051211,0.005
636,63700,20080.8159400715,22684.8278109792,0.951789019131631,0.0109190600266593,0.005
637,63800,20069.8518883028,23588.663907861,0.978361861627659,0.0137665629279667,0.005
638,63900,20264.7721903922,23792.2245129465,0.983199132582676,0.0137142781378821,0.005
639,64000,20168.6404521619,22524.7145825925,0.94251445236583,0.0110864345457627,0.005
640,64100,20258.4901196959,23395.4428740821,0.967958897008652,0.0127325322802302,0.005
641,64200,20356.0139722355,24092.4463557491,0.987986717173643,0.0135040768259396,0.005
642,64300,20391.9771115502,23983.8950513293,0.983169161334193,0.013605251592201,0.005
643,64400,20385.6403802812,23863.503596317,0.977989227077692,0.0141529551771775,0.005
644,64500,20613.5412209708,23715.9095869296,0.971982668411072,0.0125889721563673,0.005
645,64600,20468.5271105779,23877.3756849923,0.97546142504436,0.0143031931756599,0.005
646,64700,20455.8937548052,23961.4732141108,0.976589511205252,0.0139761596162648,0.005
647,64800,20584.4771504408,23883.7087572546,0.972751954970197,0.0125155697656578,0.005
648,64900,20568.5321734735,24085.3972806898,0.977459916457176,0.0133689908515663,0.005
649,65000,20657.96571931,23896.2067859114,0.970224720133811,0.0130130641224838,0.005
650,65100,20627.8882831024,22979.3936532867,0.940892858025286,0.00990583532792997,0.005
651,65200,20712.6357674251,23431.3773419082,0.953211859442752,0.0114358546252836,0.005
652,65300,20776.7717395232,22939.2705697635,0.936884787884367,0.009188044152189,0.005
653,65400,20761.1827713535,24356.8937240357,0.978422279091102,0.0131355050296924,0.005
654,65500,20814.555508303,22837.5954352591,0.931022816024848,0.00824685935155226,0.005
655,65600,20882.3832085886,23169.124754727,0.939647078912118,0.00931514673286918,0.005
656,65700,20913.7058203169,23031.4817248731,0.934121328726901,0.00874013123402403,0.005
657,65800,20961.649907997,24294.1990506436,0.970762955171281,0.0122496998791883,0.005
658,65900,21005.8928923709,23630.2318361879,0.94936911463117,0.0103562180747006,0.005
659,66000,21024.5793226636,23476.6642185214,0.943356761339402,0.00932672274090948,0.005
660,66100,21182.4432121651,23692.6350306075,0.948435975886008,0.0105506985706617,0.005
661,66200,21121.9032508535,24792.9905094975,0.979981605078175,0.0129048924373788,0.005
662,66300,21220.0760156959,24044.1739634459,0.95618729059733,0.0109962680205794,0.005
663,66400,21303.9841522251,23860.6900584588,0.949299056987455,0.00976254489025619,0.005
664,66500,21456.1907441077,24379.4098601225,0.963359049163005,0.0110734288048562,0.005
665,66600,21337.754459124,24501.327233316,0.965590432448718,0.0116622414689428,0.005
666,66700,21344.7428638107,24510.2860590676,0.96446451611793,0.0118292346851539,0.005
667,66800,21520.0830608565,24268.4672462807,0.955882767295743,0.0114229915633446,0.005
668,66900,21470.737015906,25489.8268535317,0.990661426107346,0.0136760263907497,0.005
669,67000,21500.3851722813,23860.9112204298,0.941048784009857,0.0100675102170327,0.005
670,67100,21490.9535662494,25011.7727142463,0.973692363330595,0.0124386447838325,0.005
671,67200,21537.697362621,25865.2966220642,0.997457679794052,0.0146486059162433,0.005
672,67300,21603.2439399321,25787.084435089,0.993712462830421,0.0155936965574064,0.005
673,67400,21765.4427484346,25206.4663205369,0.975203340120634,0.0126453284540145,0.005
674,67500,21704.9016533342,25444.8652866731,0.980808438096737,0.0134661639826754,0.005
675,67600,21704.0416471708,26352.9100830253,1.0060387585331,0.0160013509020812,0.005
676,67700,21761.814905441,27613.2284542868,1.0415054757035,0.0241849938823415,0.005
677,67800,21857.3237753614,27325.954814796,1.03162462079079,0.0235028107633515,0.005
678,67900,21893.6976966744,26123.9262524929,0.995036625820461,0.0145990311266218,0.005
679,68000,21939.2005484659,26944.7089019602,1.01755853557096,0.0204082429154454,0.005
680,68100,21951.2518092715,25808.9152902239,0.983002715388539,0.0125606895757401,0.005
681,68200,21970.3991450743,27476.7558194239,1.03011691830336,0.0201651562968529,0.005
682,68300,22102.497470051,25782.3305222055,0.979437985987759,0.0127594900820689,0.005
683,68400,22161.4294128111,27377.5642234413,1.02430364722761,0.0178255490146127,0.005
684,68500,22135.2869616051,25827.2466002323,0.977961722644597,0.012725332979462,0.005
685,68600,22171.1847836164,27850.5443116112,1.03507648436398,0.0198895135202944,0.005
686,68700,22228.9349993128,25849.2763291165,0.975833131277013,0.0128953957578075,0.005
687,68800,22361.0452359371,25329.9907162948,0.95948856468338,0.0117067702675462,0.005
688,68900,22281.5402158493,25189.7632966545,0.954092950038443,0.0107305892800373,0.005
689,69000,22356.9234167323,25206.8326552751,0.953244121742219,0.0111813428223937,0.005
690,69100,22339.1511328193,25861.7659475168,0.970695107497308,0.0124189291517652,0.005
691,69200,22411.4954333513,24657.1708283104,0.934793766171985,0.00816923683491118,0.005
692,69300,22525.2841461186,24722.4369194381,0.935358555204151,0.00881722301538095,0.005
693,69400,22475.2801778608,25360.8120591734,0.952292085646114,0.011067832197608,0.005
694,69500,22754.2805869671,26135.8807283538,0.97308710769408,0.0123756461938568,0.005
695,69600,22561.504043524,25507.6810917763,0.953818971184232,0.0107319213011559,0.005
696,69700,22681.3997854514,26060.5857106465,0.968222914325107,0.0115789293959851,0.005
697,69800,22687.220540876,25693.7004216119,0.956449788948053,0.0107868070553582,0.005
698,69900,22769.2762335434,26805.136742784,0.986665751861829,0.0137793651629168,0.005
699,70000,22725.0860112568,26098.0912629442,0.965261530081963,0.0120311662542691,0.005
700,70100,22823.5403620547,25507.7329759763,0.947198901218613,0.00943734689736385,0.005
701,70200,22838.905572245,25954.5810491885,0.958517265917439,0.0124629302899327,0.005
702,70300,22848.5045720142,28533.0262907377,1.02997101028544,0.0180654932165418,0.005
703,70400,22896.1788520786,26462.3019119055,0.970193654532969,0.0126863331869242,0.005
704,70500,22954.0463942914,26157.5109765054,0.960260114752778,0.0117342993928482,0.005
705,70600,22989.8858116753,26024.46449661,0.955202859198533,0.0108416317021794,0.005
706,70700,23043.2577438983,26663.3941699848,0.97182470377596,0.0131229975764394,0.005
707,70800,23178.9000751972,26134.5970586463,0.955673514425571,0.0111098290608182,0.005
708,70900,23127.0363230724,26977.4599435747,0.977951494718802,0.0138345424723157,0.005
709,71000,23331.4709612248,25955.2196181732,0.948041070004064,0.0105195590239023,0.005
710,71100,23336.5539461725,27558.0073816556,0.991484703223807,0.014614691115129,0.005
711,71200,23222.0164150278,26494.1871405818,0.960479366953845,0.0121224771795427,0.005
712,71300,23377.436865095,27681.0253983189,0.992194199234129,0.0152060828030779,0.005
713,71400,23430.2282541222,26601.3236326235,0.960843550934488,0.011454974094045,0.005
714,71500,23395.4661126251,26896.3222938423,0.967712522422527,0.0124555565684036,0.005
715,71600,23468.6791141174,26397.5527982907,0.952567518126262,0.0113116417971215,0.005
716,71700,23457.7611417295,26493.4892290993,0.953931060844435,0.0109318763404562,0.005
717,71800,23551.1097839263,26689.9446779467,0.958074998684238,0.010379830011423,0.005
718,71900,23600.0794700557,27147.2235081929,0.969407230453591,0.0124015822178994,0.005
719,72000,23699.2068806316,28096.5028181376,0.994272241154418,0.0163323400415332,0.005
720,72100,23606.0076076023,26270.1807180777,0.942637744876849,0.010016681777948,0.005
721,72200,23710.988269415,26700.7988531108,0.953201312468499,0.0108027564561353,0.005
722,72300,23808.7506474594,26648.7165868379,0.950503031139348,0.0106533484278868,0.005
723,72400,23779.851131377,27897.5361086361,0.983478291125061,0.0134388880607458,0.005
724,72500,23882.9051157328,27454.5155130985,0.970019845661492,0.0127583541240771,0.005
725,72600,23979.3574198937,26775.9265866217,0.95015595393004,0.0109707273526615,0.005
726,72700,23896.3377996168,26425.820821943,0.939319945062995,0.0090690126014228,0.005
727,72800,23934.7706467545,28085.5609158365,0.983357419235727,0.0130510377113194,0.005
728,72900,24029.3409957239,27661.0355699399,0.970470047934892,0.0121350626139062,0.005
729,73000,24021.3624995201,27046.8855111657,0.952458693469621,0.0109180979731381,0.005
730,73100,24091.721811871,26497.3145217399,0.936260987104427,0.00922052670000165,0.005
731,73200,24185.7094152464,26981.5211350774,0.948159942418921,0.0102524329172357,0.005
732,73300,24147.0944315477,26691.7772481639,0.939044192804019,0.0090958882078546,0.005
733,73400,24194.1045746655,27554.1209478173,0.961143666397919,0.0112337646023393,0.005
734,73500,24206.555291427,27015.5634301185,0.945315689858219,0.00989860357883289,0.005
735,73600,24308.4999963243,27812.4684831985,0.965568990269798,0.0114066134198882,0.005
736,73700,24456.7717388391,29207.1286043976,1.00190512728718,0.0149651307987575,0.005
737,73800,24424.7762106673,28953.6545014934,0.993761116210405,0.0161694552032139,0.005
738,73900,24499.9585336059,28132.4778650312,0.970354347128238,0.0126989741451745,0.005
739,74000,24434.9781786039,28171.9931751086,0.970151339558679,0.0124753207306274,0.005
740,74100,24499.8637848486,28071.6802946654,0.966181804875996,0.0114357542659464,0.005
741,74200,24743.9528608286,28084.3313121607,0.96525339483592,0.0119346208304977,0.005
742,74300,24609.5362345739,27864.1523709069,0.958092445470049,0.0116426903422764,0.005
743,74400,24610.8165026364,27710.9941131775,0.952752375535165,0.0104221315013803,0.005
744,74500,24677.5362081177,27460.7871755385,0.944829046852335,0.00932737305031754,0.005
745,74600,24707.4823541702,28187.648508057,0.962957266448502,0.0123638460265403,0.005
746,74700,24765.9309834027,27523.8605657275,0.944038172663854,0.0106520191098668,0.005
747,74800,24756.6479666626,28008.0813146569,0.955674282663481,0.0111273995834649,0.005
748,74900,24894.6841382492,27342.7807285362,0.936780570181534,0.00906848973973729,0.005
749,75000,24924.8106220038,28062.310851655,0.95464174589226,0.0107794200503477,0.005
750,75100,24975.7617647907,27829.7354190663,0.947245548753694,0.0101403016298542,0.005
751,75200,24961.0849129414,27372.4623351082,0.933925438592426,0.00909121440567629,0.005
752,75300,24963.5149385318,27532.0958646479,0.936930931381007,0.00899615726354277,0.005
753,75400,25009.4285693939,27802.4619277187,0.942856058166207,0.00897818193232765,0.005
754,75500,25066.5407022167,27488.916697635,0.93337769665438,0.00865018196619002,0.005
755,75600,25157.7599357352,27656.2188945379,0.936573855224777,0.00911504058911907,0.005
756,75700,25136.5115353213,27547.9064121366,0.932525854496364,0.00897065808919372,0.005
757,75800,25202.94785971,27787.1971367965,0.937605880431047,0.00910350689898692,0.005
758,75900,25280.7534934169,27706.3679123726,0.934288214188769,0.00921441842976952,0.005
759,76000,25379.0243069857,28275.1300428537,0.9479664505199,0.0099430221371788,0.005
760,76100,25445.2116602414,27889.0453587832,0.936664762156811,0.00917013004483839,0.005
761,76200,25543.1326633399,27949.5591622362,0.937041577774632,0.00885808676512605,0.005
762,76300,25407.0776827925,27981.1960428428,0.936672916646233,0.00899395815143656,0.005
763,76400,25539.1096558372,28082.4143037322,0.938111852885463,0.00941490229296581,0.005
764,76500,25506.2733212404,28222.6314303712,0.940564078931198,0.00947065582895439,0.005
765,76600,25567.9553564189,27871.520588804,0.930248277265308,0.0085106741175851,0.005
766,76700,25607.308286521,27768.7375027252,0.926397269320403,0.00832201591397228,0.005
767,76800,25654.5171849441,28187.1609143047,0.936066222780481,0.00922119698603322,0.005
768,76900,25683.0832344716,29290.7666407405,0.96343006014962,0.0115685703975646,0.005
769,77000,25774.1149593013,28926.1119064945,0.95278289511557,0.0111706131193173,0.005
770,77100,25782.4404001658,28872.1544022304,0.950195474174193,0.0105445656016493,0.005
771,77200,25839.2454956736,28363.0657908235,0.935868057392122,0.00899823577297399,0.005
772,77300,25988.2191804121,29068.5034720985,0.952848280201895,0.0107222109198984,0.005
773,77400,26090.3850169805,29346.9532064176,0.95880521225934,0.0110611164636123,0.005
774,77500,26004.7636352513,29173.4746602424,0.953152048016346,0.0108979398322761,0.005
775,77600,25973.1649188171,30277.343825934,0.980265184064552,0.0131658479960604,0.005
776,77700,26087.6537616991,29648.7329593271,0.962936636824108,0.0116047234829408,0.005
777,77800,26149.9122127821,28868.915791171,0.941774378994703,0.00997396962570974,0.005
778,77900,26371.7687981397,30145.8145738004,0.973211930359688,0.0125064126548052,0.005
779,78000,26142.3438003687,30330.4377876897,0.976702676844133,0.0132561494472094,0.005
780,78100,26203.3714454636,30342.0508662085,0.975797453097894,0.0137796765577413,0.005
781,78200,26222.9893167079,29354.2943414008,0.949427325206748,0.0108524575363054,0.005
782,78300,26271.1551671457,29566.9165542863,0.953651485444531,0.0107411584483294,0.005
783,78400,26372.7591857199,30853.499651402,0.985113339834486,0.0121782574391886,0.005
784,78500,26494.5062506021,30627.5672867486,0.978180380866456,0.0132864925812768,0.005
785,78600,26388.1368446617,28815.25031743,0.931065509806207,0.00913810958871417,0.005
786,78700,26447.6491866629,29376.0432521243,0.944099164925754,0.009869244006225,0.005
787,78800,26513.1562525943,29845.4475061284,0.95477974862765,0.0101625197752278,0.005
788,78900,26534.5066582347,29824.497784997,0.953074222258611,0.00980370937743184,0.005
789,79000,26698.5248514876,29460.5838701191,0.942728903430517,0.00968110271019329,0.005
790,79100,26685.2382311686,29289.7800086199,0.937268112736775,0.00976345193837503,0.005
791,79200,26644.4330165724,30202.5186832899,0.959050852067856,0.0110287340925355,0.005
792,79300,26718.2155706534,29437.3844384012,0.938658852753145,0.00921817780481593,0.005
793,79400,26754.6770844774,30490.4967711061,0.963913067504255,0.0118187211530845,0.005
794,79500,26845.9590310004,30790.8485430255,0.970263739510786,0.0148089401366784,0.005
795,79600,26884.1392753294,28872.6633859781,0.921085862511769,0.00755668028096326,0.005
796,79700,27022.2561329616,30500.9717789971,0.960639740060168,0.0126894769972805,0.005
797,79800,26903.6629152747,31542.0828016957,0.985444331241269,0.0149354697416187,0.005
798,79900,27061.5673576501,32425.9904410222,1.00627151688544,0.0184673087635234,0.005
799,80000,27136.6076546679,31849.3897539857,0.990677778629785,0.01548099747601,0.005
800,80100,27029.099550887,30302.0718254671,0.951003599084376,0.0110041202273327,0.005
801,80200,27235.5653879563,31619.5371020659,0.982549667413795,0.0153603131923148,0.005
802,80300,27134.6557554444,32127.7075867471,0.993965413748527,0.0157754887546398,0.005
803,80400,27214.3648927032,34519.8874629838,1.05199116534999,0.0256120971681306,0.005
804,80500,27355.108866759,34124.7990443752,1.04092837849328,0.0268657661623328,0.005
805,80600,27274.0205050935,31183.94566766,0.967035097600411,0.0126050036775111,0.005
806,80700,27483.0701425032,32699.6981254881,1.00326403419655,0.0183023977920055,0.005
807,80800,27412.7058101142,32329.3826482269,0.992923763878315,0.0148916897331788,0.005
808,80900,27579.8408030286,32044.2680630183,0.984720117177695,0.0131817818898669,0.005
809,81000,27532.1990164358,31590.850179323,0.972379058864066,0.0118026674499742,0.005
810,81100,27443.0628201473,32899.7986457998,1.00334650892826,0.0152922204072813,0.005
811,81200,27567.5429533933,31854.4122443056,0.976503416153231,0.0135963650587077,0.005
812,81300,27634.4634269371,34239.6531541601,1.03376612178375,0.0182800377157743,0.005
813,81400,27757.7868222666,32792.7608518148,0.997125328456292,0.0144827637493319,0.005
814,81500,27630.7572140497,32562.1656430863,0.990289857834311,0.0139477351617295,0.005
815,81600,27746.7102589556,32177.75785637,0.97972544737774,0.0143674424590835,0.005
816,81700,27760.8793320104,33192.9313763249,1.00331766368329,0.0159891383876479,0.005
817,81800,27747.1996178476,35420.8271363377,1.05636304790168,0.0242839617639493,0.005
818,81900,27843.2943266231,34714.0880184839,1.03789232372052,0.0275240208512278,0.005
819,82000,27846.9722155594,34457.5132493994,1.03044223179251,0.023390814613438,0.005
820,82100,27911.6160242728,35238.4041991943,1.04815247429456,0.0337932977336958,0.005
821,82200,27939.8658574879,36320.2621222028,1.07313028149114,0.0344713450562318,0.005
822,82300,28073.2266883717,33516.7428382775,1.00400619600032,0.0185007553497114,0.005
823,82400,28057.8053824027,36959.6511309377,1.08603070592592,0.0392765794924331,0.005
824,82500,28077.3470874256,33729.2091505528,1.00676821516371,0.0197303900215816,0.005
825,82600,28117.803679319,36048.9320599218,1.06152167243327,0.0337658561443663,0.005
826,82700,28145.5570888198,32894.1354954695,0.984268975510724,0.0146681716692966,0.005
827,82800,28272.7751271146,36093.3907564143,1.06007721498151,0.0276113125929099,0.005
828,82900,28238.1594271056,35283.5132992699,1.03938247484668,0.022562465319032,0.005
829,83000,28278.0342243384,35870.4097175169,1.05224255216358,0.0244140176344036,0.005
830,83100,28343.5399352689,35613.5006637706,1.04485046256145,0.0231153394345075,0.005
831,83200,28359.2158333942,34855.8988407095,1.02547982664549,0.0181635229963397,0.005
832,83300,28436.485033129,35729.8924701685,1.04517676725363,0.0263378512215752,0.005
833,83400,28427.1034518274,33746.4564418552,0.996567763369875,0.0176299022671823,0.005
834,83500,28479.644994582,34671.3368372913,1.01746522445335,0.0201267354258033,0.005
835,83600,28606.8787490957,35235.4366948856,1.02973893043498,0.0186300970388449,0.005
836,83700,28557.5654795078,33618.0519921997,0.990010432380231,0.0173895644317439,0.005
837,83800,28631.2827126997,33028.739270909,0.97484816641635,0.0135432310439159,0.005
838,83900,28677.4457728534,34222.6096424384,1.00207937886724,0.0155048464063614,0.005
839,84000,28678.002876604,34455.6795819936,1.00643483614576,0.0172071474264798,0.005
840,84100,28800.0627087722,33678.1281125245,0.986843558003071,0.0151024069804807,0.005
841,84200,28903.1709054539,33726.3433736315,0.986836399501473,0.01589152621458,0.005
842,84300,28824.3492636001,35355.9154606963,1.02422694009379,0.0210880887889449,0.005
843,84400,28936.3142411772,35076.4525504591,1.01643832130792,0.0188287978482823,0.005
844,84500,29085.5931894474,35270.925195448,1.01983659743593,0.0239264389101782,0.005
845,84600,28959.2034622383,34447.0298228139,0.999262637009655,0.017415720789931,0.005
846,84700,29008.2479490422,37288.6823331096,1.0649830042683,0.0324034015269139,0.005
847,84800,29186.2482867189,34244.2813354095,0.992195955549753,0.0175041607349852,0.005
848,84900,29066.4246643556,35225.7262459042,1.01409252530477,0.0227126969734207,0.005
849,85000,29249.3135544953,33701.7057701645,0.977200005571319,0.0139445919066073,0.005
850,85100,29229.2586327359,34929.2874514995,1.00482319902013,0.0201863004404304,0.005
851,85200,29404.8236744166,34489.9714305529,0.993397317944726,0.0165951686971529,0.005
852,85300,29331.6741588448,33355.1646145439,0.965726314649572,0.0129227729139338,0.005
853,85400,29308.7149701326,34008.9158262394,0.979898107225947,0.0142104449947992,0.005
854,85500,29496.5567699213,34526.8724166426,0.990858917177293,0.0148122647259416,0.005
855,85600,29363.4678003401,33964.4104741874,0.976626880431472,0.0124957205516935,0.005
856,85700,29494.5697351137,34222.7626698017,0.981516191576208,0.0142623229231995,0.005
857,85800,29542.2594849184,32792.4755997294,0.947150979598329,0.0101869813256974,0.005
858,85900,29640.8644487719,32962.1340127122,0.950018061006449,0.0101153850989492,0.005
859,86000,29634.7693130702,33667.7831261899,0.965312645154758,0.0116186480206922,0.005
860,86100,29651.7806906232,33213.0684127242,0.953669225176598,0.0110013755411043,0.005
861,86200,29649.5179154011,34649.1513452552,0.985817695975098,0.0143309340224857,0.005
862,86300,29720.2671110235,33513.8222303101,0.958464030639994,0.011508486459401,0.005
863,86400,29867.5550324109,33942.0915534514,0.967257306892968,0.011933444535579,0.005
864,86500,29769.9384492259,34330.2988041898,0.975121804655222,0.0133429262528242,0.005
865,86600,29850.9677281504,34167.2711390777,0.970264400892413,0.0154648521029593,0.005
866,86700,29899.833544898,36094.8606424147,1.01351625280733,0.0211668059092067,0.005
867,86800,29908.8785297292,33537.8426072418,0.953629119081522,0.0104007830569444,0.005
868,86900,29959.1015949652,34652.8670470658,0.978135206340625,0.0147070030909686,0.005
869,87000,29951.5846537611,33444.7470239307,0.949349003540723,0.0105193118015058,0.005
870,87100,30062.0800407234,34733.7917065889,0.977799473357171,0.013525224077461,0.005
871,87200,30076.2888823025,35407.6224980253,0.992129944468287,0.0153205387511814,0.005
872,87300,30229.198200096,35204.0446797543,0.986376994711038,0.0132509059828514,0.005
873,87400,30133.406877167,34515.906865578,0.969561104062594,0.0123120602926223,0.005
874,87500,30188.370052206,33638.1577230111,0.948453035097538,0.0101386786509891,0.005
875,87600,30374.8879027091,34400.9959423686,0.964778317198307,0.0115319868523714,0.005
876,87700,30369.3863855545,34801.6821618462,0.972818423941824,0.0130385429654612,0.005
877,87800,30412.3509732884,34777.9427759365,0.971199209813318,0.0129082553744022,0.005
878,87900,30385.3311523074,34476.6343494642,0.96327542611266,0.0117578311937972,0.005
879,88000,30499.8556611361,35351.5944372853,0.982047020276369,0.014755806966685,0.005
880,88100,30489.8617284881,34308.9581172455,0.957325443328329,0.0106101810268325,0.005
881,88200,30560.9593646283,35145.0395748415,0.975194256335023,0.0131916776372295,0.005
882,88300,30557.6698589655,34901.0560947368,0.968594027376482,0.0125770815559678,0.005
883,88400,30699.916350945,35068.6411577973,0.971315257140731,0.0123130356030725,0.005
884,88500,30674.813999731,34575.6514790129,0.95911815324763,0.0106577082631129,0.005
885,88600,30721.6146940327,34425.375762623,0.954670952564315,0.010597066610027,0.005
886,88700,31048.003825399,33671.8826829009,0.936661157075384,0.0095688150850951,0.005
887,88800,30854.7091968664,34076.0843632134,0.94472044205719,0.0101125966976569,0.005
888,88900,30861.852499548,34004.7925341539,0.942081731465321,0.00981984476982624,0.005
889,89000,30928.5921040255,34226.4054631944,0.946007265602973,0.00983065322022116,0.005
890,89100,31106.6468229077,34537.9703740463,0.951952328521033,0.0104546941244791,0.005
891,89200,30932.5832292223,34366.5192579168,0.947069850526343,0.0106572790056887,0.005
892,89300,30928.1605369923,34553.0977776924,0.950201091791068,0.0105134810665546,0.005
893,89400,31223.7488012274,34585.0311048487,0.949878980034558,0.011197654827041,0.005
894,89500,31113.3166360386,35036.8946577275,0.958918216436022,0.0118101619492356,0.005
895,89600,31159.8131772946,34148.4977248723,0.938072807966055,0.00947704988185591,0.005
896,89700,31170.7709907267,34862.169759411,0.952930546663194,0.0108824774587014,0.005
897,89800,31257.5030967611,34140.2649846491,0.935847763783737,0.0090618260573688,0.005
898,89900,31432.685489803,35380.7819771841,0.962378953835258,0.0111752847874886,0.005
899,90000,31243.7854858117,35316.4786130569,0.959901906577551,0.0110869088487492,0.005
900,90100,31306.3207111601,35663.888154183,0.966562389170299,0.0126836277968705,0.005
901,90200,31331.4999744416,35249.4617345239,0.956349894524148,0.0112431997485505,0.005
902,90300,31737.0110685889,37067.6689068022,0.995515431989101,0.0151105452603508,0.005
903,90400,31440.3604307742,35542.0494245931,0.960732687544518,0.0115788903600139,0.005
904,90500,31525.0582063841,34733.9404512793,0.941869938046551,0.0102866506445227,0.005
905,90600,31859.5945751256,34686.3648173859,0.939798804057801,0.0105556267038608,0.005
906,90700,31632.1694298742,36392.5599050504,0.976361315231605,0.0129188424983604,0.005
907,90800,31833.8145258596,36598.8930979879,0.979839626754458,0.0131285924729267,0.005
908,90900,31656.6448738308,36201.5292903584,0.970046551113105,0.0122422413625526,0.005
909,91000,31780.5035724394,36249.4381960875,0.970060304085715,0.0130174069757986,0.005
910,91100,31859.9532007031,35063.8317711434,0.943026114574313,0.00989843928297132,0.005
911,91200,31752.6189431691,36234.878886012,0.967663590915689,0.0117002059186697,0.005
912,91300,31943.5850416726,35285.7582482059,0.945862600428064,0.0102666178830501,0.005
913,91400,31879.9101921935,35608.4408591879,0.95189775152249,0.0110537054343021,0.005
914,91500,32067.9801638361,34765.685466648,0.932484216165299,0.00824356418118817,0.005
915,91600,31986.4598045372,37329.6155764794,0.987394472924445,0.013965675790071,0.005
916,91700,32036.9759879588,36224.8808650517,0.962275771832944,0.0113254393768394,0.005
917,91800,32040.6372401123,35467.5507604717,0.944773472747299,0.0105361179480792,0.005
918,91900,32060.6962175657,34898.8524375404,0.931404077554184,0.00878992203797895,0.005
919,92000,32124.5805603415,35986.9412409456,0.954033958609809,0.0102910970886186,0.005
920,92100,32162.4917100826,36967.5928037313,0.974294901067318,0.0126266714696809,0.005
921,92200,32283.5486392975,35463.084017988,0.940662749050892,0.00995874468797825,0.005
922,92300,32250.0537255245,37278.9914470361,0.978976003168718,0.0134037241883831,0.005
923,92400,32305.2633911335,39577.671936314,1.02763058074826,0.0193002581282494,0.005
924,92500,32490.8056392548,39023.5528608282,1.01458153114962,0.0160843106111272,0.005
925,92600,32353.1534925176,36424.4166048753,0.957426510215123,0.0108298323454127,0.005
926,92700,32406.1900373598,36337.5133767364,0.954543715103649,0.0110860920727286,0.005
927,92800,32523.2007227229,38083.5421544866,0.991130547141583,0.0140926206534499,0.005
928,92900,32531.865591795,36605.350448928,0.958295862988476,0.0121629534129005,0.005
929,93000,32596.8448355421,36744.586384548,0.960277458480542,0.0111847408608059,0.005
930,93100,32593.4515915375,37111.8854807077,0.967143010614858,0.0116975120200286,0.005
931,93200,32754.4455035193,38326.6278475751,0.992172645772849,0.0153057511468344,0.005
932,93300,32834.7367469812,38006.615290182,0.984282037844079,0.0162666430589137,0.005
933,93400,32933.431901172,36796.1563748341,0.957349335981309,0.0106434061146202,0.005
934,93500,32751.2040263285,38500.6181369071,0.992764285245856,0.016320044444639,0.005
935,93600,32836.3771283055,38602.5838794972,0.993913862229417,0.0190821677092848,0.005
936,93700,33001.7213616833,37912.253905206,0.978150630404001,0.0155702171876314,0.005
937,93800,32883.4907479349,38137.0533121352,0.981916945101209,0.0163860671998456,0.005
938,93900,33111.8471121891,37581.1742621398,0.969063977688414,0.0143462641266445,0.005
939,94000,33086.2261140617,38463.968375037,0.98682178846268,0.0175234815194524,0.005
940,94100,33010.9808023406,40178.1401366975,1.02219691195741,0.0201022853443916,0.005
941,94200,33198.0245494687,40438.368203441,1.02664816817927,0.0222608455810857,0.005
942,94300,33074.2865035552,41109.519049404,1.03980491644734,0.0357424230298156,0.005
943,94400,33155.0099356517,40388.2504940486,1.02346213895235,0.0267596106376369,0.005
944,94500,33168.0909837535,39794.6907272557,1.00985038301817,0.0262014438295765,0.005
945,94600,33215.1262249667,43388.1677950124,1.08470983347103,0.0412486962471044,0.005
946,94700,33366.9279276848,39739.7630897844,1.00660200449853,0.022049914878897,0.005
947,94800,33292.6691227332,38906.5059691307,0.987994019727726,0.0172934141411661,0.005
948,94900,33361.9147836544,39692.8730254729,1.00353912316511,0.0225767820935271,0.005
949,95000,33413.3301385322,39602.839366834,1.00060172638554,0.0222029160216127,0.005
950,95100,33726.5737314591,43422.0442499345,1.0798370281385,0.0425915890647551,0.005
951,95200,33508.5554169184,41279.3915764328,1.03375397528061,0.0332621194945733,0.005
952,95300,33497.2557905598,39355.7621976932,0.992344719288239,0.0194306383256086,0.005
953,95400,33544.3384429689,39980.3042262974,1.00440219747222,0.0229194694746806,0.005
954,95500,33754.4815325011,38524.9755246625,0.972907752874788,0.0140141452931905,0.005
955,95600,33724.138588023,41462.3112824401,1.03333342097339,0.0259120408870486,0.005
956,95700,33809.3708440032,40776.9647516668,1.01797221368148,0.0250788805836034,0.005
957,95800,33731.845736867,37456.0564007688,0.947629779650024,0.0105553426492857,0.005
958,95900,33839.4875562109,39462.7021628171,0.988481838291653,0.0177302761159373,0.005
959,96000,33785.8804544745,41868.3757628458,1.03757805787173,0.0218934366030144,0.005
960,96100,33915.8430002061,38313.3154152865,0.962562881976094,0.0142886582238832,0.005
961,96200,33873.8995233444,39859.5511705784,0.993714055588192,0.018756037548578,0.005
962,96300,33943.0628072851,39930.1648953147,0.994165427873123,0.0212209442288437,0.005
963,96400,33970.4315827003,38326.4055931565,0.959902148874753,0.0119913890065662,0.005
964,96500,34292.1318589499,39561.7123077408,0.984524433601056,0.0143515522575304,0.005
965,96600,34034.0908856621,41481.5018373708,1.02327123702218,0.021647056709149,0.005
966,96700,34142.7432739865,37637.1640872198,0.942728832271541,0.0100990232905534,0.005
967,96800,34168.7559145366,40467.9424181154,1.00025668038908,0.0214033872143601,0.005
968,96900,34365.8791208461,39567.5063470737,0.980653809830333,0.0162826539173608,0.005
969,97000,34377.0017870592,39528.3795285971,0.978864162364742,0.0142201650460555,0.005
970,97100,34424.4348818348,39535.2898818479,0.978023012004141,0.0130144674159397,0.005
971,97200,34338.747215411,38569.835038315,0.957164035873611,0.0138657661202454,0.005
972,97300,34533.6276473082,40124.1275449077,0.988146396217131,0.0171619426973698,0.005
973,97400,34441.412032909,38795.731475344,0.959884504733116,0.0111044178214907,0.005
974,97500,34486.2672424305,38930.4106521875,0.961677250405753,0.0126723242962053,0.005
975,97600,34523.0247111804,38208.6626087597,0.945918862162811,0.010535297619921,0.005
976,97700,34540.3855005465,37812.932086414,0.93686525760683,0.00944474009138022,0.005
977,97800,34624.1583223146,39180.1619859093,0.963888708236819,0.0124615405347411,0.005
978,97900,34683.402686254,39236.8774580394,0.964085080955726,0.0118922553195022,0.005
979,98000,34715.0117380793,38604.6270574798,0.950224352585322,0.0109684187652838,0.005
980,98100,34679.0572732149,37991.9972942606,0.936777036314891,0.00983827620917446,0.005
981,98200,35062.192340902,39078.6688310214,0.957972238661559,0.011370286934923,0.005
982,98300,34931.066861116,38726.50640089,0.949856264586752,0.0101936863239714,0.005
983,98400,34837.9811628986,40045.8047480446,0.975733875174157,0.0125493715246364,0.005
984,98500,35136.9716865992,37930.7352012397,0.931807429085401,0.00878305648384217,0.005
985,98600,34923.4799420737,39389.1287106933,0.960462731420019,0.011207525720352,0.005
986,98700,35056.7393661812,39790.3065263413,0.967641717859816,0.0125412699094464,0.005
987,98800,35188.1266147275,39733.2405429309,0.965532300306451,0.0115224506567748,0.005
988,98900,35214.3314437525,39693.593497571,0.963766090901172,0.0115644534222634,0.005
989,99000,35253.2447647935,37940.988745763,0.927399380388623,0.00825347293215042,0.005
990,99100,35183.145066843,39085.228231963,0.94957992590842,0.0101570975554635,0.005
991,99200,35181.3637309454,38508.2750733707,0.937005931013919,0.00887935917215558,0.005
992,99300,35278.7413529223,40644.6453495328,0.979122900797931,0.0132496328073538,0.005
993,99400,35324.000847319,40449.5774882196,0.974232108531269,0.0137219626355413,0.005
994,99500,35312.057989339,38203.3109225132,0.928106770048882,0.00762449171817724,0.005
995,99600,35706.8792188349,38887.8744723993,0.940942762907493,0.00830364121662907,0.005
996,99700,35606.1150427031,38710.5958430429,0.936459369075067,0.00912166174864702,0.005
997,99800,35636.5534386116,40125.2546212975,0.963904576620225,0.0119708007933838,0.005
998,99900,35458.459947556,39549.040664289,0.951416924720867,0.0107031055525955,0.005
999,1e+05,35578.9239718934,38246.8010648437,0.924428240268798,0.00790639712598288,0.005
